{
    "table": "dns_log_table",
    "schema": {
        "infotable_id": {
            "coltype": "INTEGER"            
        },          
        "cdate": {
            "coltype": "DATE"            
        }, 
        "ctime": {
            "coltype": "TIME"            
        }, 
        "qry_type": {
            "coltype": "STRING"                    
        },
        "qry_lvl": {
            "coltype": "STRING"                    
        },
        "server_name": {
            "coltype": "STRING"                    
        },
        "daemon": {
            "coltype": "STRING"                    
        },
        "daemon_id": {
            "coltype": "INTEGER"                    
        },
        "client_name": {
            "coltype": "STRING"                    
        },
        "client_ip": {
            "coltype": "STRING"                    
        },
         "client_port": {
            "coltype": "INTEGER"                    
        },
        "domain_name": {
            "coltype": "STRING"                    
        },
        "record_type": {
            "coltype": "STRING"                    
        },
        "domain_ip": {
            "coltype": "STRING"                    
        },
        "remarks": {
            "coltype": "STRING"                    
        }
    }
}