{
    "table": "firewall_log",
    "schema": {
        "infotable_id": {
            "coltype": "INTEGER"            
        },
        "server_name": {
            "coltype": "STRING"                      
        },
        "cdate": {
            "coltype": "DATE"            
        }, 
        "ctime": {
            "coltype": "TIME"            
        },
        "type": {"coltype": "STRING" },
        "cmd_status": {"coltype": "STRING" },
        "cmd": {"coltype": "STRING" },
        "f1": {"coltype": "STRING" },
        "f2": {"coltype": "STRING" },
        "table_test": {"coltype": "STRING" },
        "filter": {"coltype": "STRING" },
        "chain_cmd": {"coltype": "STRING" },
        "chain_type": {"coltype": "STRING" },
        "src_ip": {"coltype": "STRING" },
        "dest_ip": {"coltype": "STRING" },
        "proto": {"coltype": "STRING" },
        "masq": {"coltype": "STRING" },
        "s_port_no": {"coltype": "STRING" },
        "d_port_no": {"coltype": "STRING" },
        "in_if": {"coltype": "STRING" },
        "in_if_name": {"coltype": "STRING" },
        "out_if": {"coltype": "STRING" },
        "out_if_name": {"coltype": "STRING" },
        "conntrack": {"coltype": "STRING" },
        "ctstate": {"coltype": "STRING" },
        "status": {"coltype": "STRING" }
    }
}