{
    "table": "ocsp_log",
    "schema": {
        "infotable_id": {
            "coltype": "INTEGER"            
        },
        "server_name": {
            "coltype": "STRING"                      
        },
        "cdate": {
            "coltype": "DATE"            
        }, 
        "ctime": {
            "coltype": "STRING"            
        },
        "cmd_id": {
            "coltype": "INTEGER"                      
        },
        "command": {
            "coltype": "STRING"                      
        },
        "argument":{
            "coltype":"STRING"
        }
        
    }
}