{
    "table": "raserver_log",
    "schema": {
        "infotable_id": {
            "coltype": "INTEGER"            
        },
        "server_name": {
            "coltype": "STRING"                      
        },
        "cdate": {
            "coltype": "DATE"            
        }, 
        "ctime": {
            "coltype": "STRING"            
        },
        "type": {
            "coltype": "STRING"                      
        },
        "remarks": {
            "coltype": "STRING"                      
        }
        
    }
}