{
    "table": "timestamp_log",
    "schema": {
        "infotable_id": {
            "coltype": "INTEGER"            
        },
        "server_name": {
            "coltype": "STRING"                      
        },
        "cdate": {
            "coltype": "DATE"            
        }, 
        "ctime": {
            "coltype": "TIME"            
        },        
        "deamon_id": {
            "coltype": "STRING"                      
        },
        "command": {
            "coltype": "STRING"                      
        },
        "qry": {
            "coltype": "STRING"                      
        },
        "qry_no": {
            "coltype": "STRING"                      
        },
        "qry_type": {
            "coltype": "STRING"                      
        },
        "qry_details": {
            "coltype": "STRING"                      
        }
    }
}