{
    "table": "usergroup",
    "schema":{
       "groupname":{
            "coltype":"STRING",
            "validation":{
                "isNull":"Please Enter groupname",
                "isEmpty":"Please Enter groupname"
           }
       },
       "employees":{
            "coltype":"STRING",
            "validation":{
                "isNull" :"Please Enter employees",
                "isEmpty":"Please Enter employees"
           }
       },
       "modifiedBy":{
        "coltype":"INTEGER",
        "defaultValue":"GLOBAL_USERID"     
       }
    },
    "unique":{
        "check":["groupname"],
        "msg":" Already a usergroup is exsited with the provided groupname"
    }
  
}
